{"unstructured": {"total": 26.0, "winners": 16.714712643678162, "overall": 16.714712643678162}, "total": 26.0, "structured": {"total": 0, "winners": 0, "overall": 0}, "overall": 16.714712643678162}