{"unstructured": {"total": 26.0, "winners": 18.942857142857143, "overall": 18.942857142857143}, "total": 26.0, "structured": {"total": 0, "winners": 0, "overall": 0}, "overall": 18.942857142857143}