{"unstructured": {"total": 26.0, "winners": 25.933333333333334, "overall": 25.933333333333334}, "total": 52.0, "structured": {"total": 26, "winners": 26, "overall": 26}, "overall": 51.93333333333334}